age_stage,pulmextrapulm,n,nn,prop_pul,sd
child,"Pulmonary, with or without EP",2285,3631,0.6293032222528229,0.010104068481324231
adult,"Pulmonary, with or without EP",14398,20196,0.7129134482075659,0.003770281208318771
older adult,"Pulmonary, with or without EP",3652,4882,0.7480540761982793,0.007183809060528547
